group_name,debut_date,debut_year,debut_month,debut_day,link
(M)IRROR,2023-05-12,2023,May,12,https://kprofiles.com/mirror-members-profile
100%,2012-09-21,2012,September,21,https://kprofiles.com/100-members-profile
10X10,2015-07-22,2015,July,22,https://kprofiles.com/10x10-profile-facts
13Found,2024-11-13,2024,November,13,https://kprofiles.com/13found-members-profile
14U,2017-07-22,2017,July,22,https://kprofiles.com/14u-members-profile
1NB,2017-11-29,2017,November,29,https://kprofiles.com/1nb-members-profile
1PS,2014-03-03,2014,March,3,https://kprofiles.com/1ps-members-profile
1TEAM,2019-03-27,2019,March,27,https://kprofiles.com/1team-members-profile
1TensioN,2015-08-24,2015,August,24,https://kprofiles.com/1tension-members-profile
1THE9,2019-04-13,2019,April,13,https://kprofiles.com/1-the-9-members-profile
1VERSE,2025-07-18,2025,July,18,https://kprofiles.com/sb-boyz-profile
24K+,2012-09-06,2012,September,6,https://kprofiles.com/24k-members-profile
2EYES,2013-06-20,2013,June,20,https://kprofiles.com/2eyes-profile-facts
2Wenty’s,2017-04-20,2017,April,20,https://kprofiles.com/2wentys-members-profile
2Z,2020-01-14,2020,January,14,https://kprofiles.com/2z-members-profile
3piece,2024-08-05,2024,August,5,https://kprofiles.com/3piece-members-profile
3WAY,2025-02-27,2025,February,27,https://kprofiles.com/3way-www-profile-and-facts/
3YE,2019-05-21,2019,May,21,https://kprofiles.com/3ye-profile-facts
4G,2014-02-04,2014,February,4,https://kprofiles.com/4g-members-profile
4L,2014-08-04,2014,August,4,https://kprofiles.com/4l-members-profile
4TEN,2014-08-26,2014,August,26,https://kprofiles.com/4ten-members-profile
4X4,2025-07-19,2025,July,19,https://kprofiles.com/4x4-members-profile
5URPRISE,2014-11-18,2014,November,18,https://kprofiles.com/5urprise-members-profile
82MAJOR,2023-10-11,2023,October,11,https://kprofiles.com/82major-members-profile
84LY,2012-09-30,2012,September,30,https://kprofiles.com/84ly-profile-facts
8TURN,2023-01-30,2023,January,30,https://kprofiles.com/8turn-members-profile
A Train to Autumn,2018-11-05,2018,November,5,https://kprofiles.com/train-autumn-members-profiles-facts
A-Daily,2014-12-03,2014,December,3,https://kprofiles.com/a-daily-members-profile
A-JAX,2012-06-01,2012,June,1,https://kprofiles.com/ajax-members-profile
A-Seed,2017-04-05,2017,April,5,https://kprofiles.com/seed-members-profile
A.C.E,2017-05-23,2017,May,23,https://kprofiles.com/ace-kpop-boy-group-members-profile
A.Cian,2012-10-10,2012,October,10,https://kprofiles.com/acian-members-profile
A.DE,2016-06-23,2016,June,23,https://kprofiles.com/ade-members-profile
A.H.H.A,2015-09-25,2015,September,25,https://kprofiles.com/h-h-members-profile
A.KOR,2014-09-05,2014,September,5,https://kprofiles.com/akor-members-profile
A.N.D.S,2014-09-15,2014,September,15,https://kprofiles.com/a-n-d-s-members-profile
AB6IX,2019-05-22,2019,May,22,https://kprofiles.com/ab6ix-members-profile
ABLUE,2022-10-23,2022,October,23,https://kprofiles.com/ablue-members-profile
ablume,2025-05-09,2025,May,9,https://kprofiles.com/ablume-members-profile
ABRY,2017-11-15,2017,November,15,https://kprofiles.com/abry-members-profile/
ACE,2015-09-11,2015,September,11,https://kprofiles.com/ace-profile-facts
ADYA,2023-05-09,2023,May,9,https://kprofiles.com/adya-members-profile
aespa,2020-11-17,2020,November,17,https://kprofiles.com/aespa-profile
AFOS,2016-05-20,2016,May,20,https://kprofiles.com/afos-members-profiles
AGIRLS,2013-10-21,2013,October,21,https://kprofiles.com/agirls-profile-facts
AHOF,2025-07-01,2025,July,1,https://kprofiles.com/ahof-members-profile
Aila,2014-01-15,2014,January,15,https://kprofiles.com/aila-members-profile
AIMERS,2022-11-17,2022,November,17,https://kprofiles.com/aimers-profile-and-facts
AiRiSU,2018-07-25,2018,July,25,https://kprofiles.com/airisu-members-profile
Airplane,2012-01-04,2012,January,4,https://kprofiles.com/airplane-members-profile
ALICE,2017-06-01,2017,June,1,https://kprofiles.com/elris-members-profile
Alice White,2014-03-31,2014,March,31,https://kprofiles.com/alice-white-members-profile
ALiKE,2018-08-25,2018,August,25,https://kprofiles.com/alike-members-profile
ALL(H)OURS,2024-01-10,2024,January,10,https://kprofiles.com/all-hours-members-profile
ALLDAY PROJECT,2025-06-23,2025,June,23,https://kprofiles.com/allday-project-members-profile/
AlphaBAT,2013-11-14,2013,November,14,https://kprofiles.com/alphabat-members-profile-facts
AltheA,2013-05-13,2013,May,13,https://kprofiles.com/althea-members-profile
AM8IC,2025-11-10,2025,November,10,https://kprofiles.com/am8ic-members-profile
AMOR,2017-08-10,2017,August,10,https://kprofiles.com/amor-members-profile
AMPERS&ONE,2023-11-15,2023,November,15,https://kprofiles.com/ampersone-members-profile
ANS,2019-09-16,2019,September,16,https://kprofiles.com/ans-profile-facts
AOA,2012-08-09,2012,August,9,https://kprofiles.com/aoa-members-profile
APEX,2018-06-16,2018,June,16,https://kprofiles.com/like-movie-members-profile/
API,2019-04-18,2019,April,18,https://kprofiles.com/ho1iday-members-profile
Apple.B,2017-08-01,2017,August,1,https://kprofiles.com/apple-b-members-profile
APRIL,2015-08-24,2015,August,24,https://kprofiles.com/april-members-profile
AQA,2022-04-16,2022,April,16,https://kprofiles.com/aqa-members-profile
AREAL,2020-08-21,2020,August,21,https://kprofiles.com/areal-members-profile
ARGON,2019-03-11,2019,March,11,https://kprofiles.com/argon-members-profile-facts
ARIAZ,2019-10-24,2019,October,24,https://kprofiles.com/ariaz-member-profile
ARrC,2024-08-19,2024,August,19,https://kprofiles.com/arrc-members-profile
ARTBEAT v,2022-11-16,2022,November,16,https://kprofiles.com/artbeat-v-members-profile/
ARTMS,2024-05-31,2024,May,31,https://kprofiles.com/artms-members-profile
ARVVY,2025-10-30,2025,October,30,https://kprofiles.com/arvvy-member-profile
ASC2NT,2024-05-07,2024,May,7,https://kprofiles.com/asc2nt-members-profile
Asha,2015-06-19,2015,June,19,https://kprofiles.com/asha-members-profile
Asia GirlS,2021-11-18,2021,November,18,https://kprofiles.com/asia-girls-members-profile
Asome.D,2020-10-19,2020,October,19,https://kprofiles.com/asome-d-profile-facts
ASTELL,2024-07-09,2024,July,9,https://kprofiles.com/astell-members-profile-and-facts
ASTIN,2019-03-07,2019,March,7,https://kprofiles.com/astin-members-profile
ASTRO,2016-02-23,2016,February,23,https://kprofiles.com/astro-members-profile
ATBO,2022-07-27,2022,July,27,https://kprofiles.com/abo-members-profile-and-facts
ATEEZ,2018-10-24,2018,October,24,https://kprofiles.com/kq-fellaz-members-profile
AtHeart,2025-08-13,2025,August,13,https://kprofiles.com/atheart-members-profile
ATO6,2021-02-24,2021,February,24,https://kprofiles.com/ato6-members-profile/
ATT,2015-10-07,2015,October,7,https://kprofiles.com/att-members-profile
Awe5someBaby,2015-06-15,2015,June,15,https://kprofiles.com/awe5omebaby-members-profile/
AWEEK,2019-01-31,2019,January,31,https://kprofiles.com/aweek-profile-facts
AWESOME,2017-02-16,2017,February,16,https://kprofiles.com/awesome-members-profile
AWIN,2025-02-16,2025,February,16,https://kprofiles.com/awin-members-profile
AxisB,2016-09-28,2016,September,28,https://kprofiles.com/axisb-members-profile/
AZER,2021-03-04,2021,March,4,https://kprofiles.com/azer-members-profile
Azer-Blossom,2021-09-01,2021,September,1,https://kprofiles.com/azer-blossom-members-profile
AZM,2018-03-02,2018,March,2,https://kprofiles.com/azm-members-profile
B-OURS,2024-05-16,2024,May,16,https://kprofiles.com/b-ours-members-profile
B.A.P,2012-01-26,2012,January,26,https://kprofiles.com/b-a-p-members-profile
B.D.U,2024-06-26,2024,June,26,https://kprofiles.com/mnet-build-up-final-lineup-members-profile
B.HEART,2017-01-25,2017,January,25,https://kprofiles.com/b-heart-members-profile
B.I.G,2014-07-08,2014,July,8,https://kprofiles.com/b-g-members-profile
BaBa,2016-02-25,2016,February,25,https://kprofiles.com/baba-members-profile
Baby Boo,2015-06-05,2015,June,5,https://kprofiles.com/baby-boo-members-profile
Baby DONT Cry,2025-06-23,2025,June,23,https://kprofiles.com/baby-dont-cry-members-profile
BABYMONSTER,2023-11-27,2023,November,27,https://kprofiles.com/babymonster-members-profile
Babys,2023-06-20,2023,June,20,https://kprofiles.com/babys-members-profile/
BADKIZ,2014-03-14,2014,March,14,https://kprofiles.com/hot-place-member-profile/
BADKIZ,2019-03-29,2019,March,29,https://kprofiles.com/hot-place-member-profile/
BADVILLAIN,2024-06-03,2024,June,3,https://kprofiles.com/badvillain-members-profile
BAE173,2020-11-19,2020,November,19,https://kprofiles.com/mbk-boys-profile-facts
BAIKAL,2017-09-21,2017,September,21,https://kprofiles.com/baikal-members-profile
Bambino,2015-06-23,2015,June,23,https://kprofiles.com/bambino-members-profile
Bandage,2020-04-03,2020,April,3,https://kprofiles.com/bandage-members-profile
Bay.B,2014-05-16,2014,May,16,https://kprofiles.com/bay-b-members-profile
BBde Girl,2012-09-20,2012,September,20,https://kprofiles.com/bbde-girl-members-profile
BBGIRLS,2023-08-03,2023,August,3,https://kprofiles.com/bbgirls-members-profile
BDC,2019-10-29,2019,October,29,https://kprofiles.com/bdc-member-profile-facts
BE BOYS,2025-06-18,2025,June,18,https://kprofiles.com/be-boys-members-profile
BE:MAX,2018-12-01,2018,December,1,https://kprofiles.com/bemax-members-profile
Be.A,2014-01-07,2014,January,7,https://kprofiles.com/be-a-members-profile
BEATWIN,2014-01-06,2014,January,6,https://kprofiles.com/beatwin-members-profile
Beauty Box,2021-09-23,2021,September,23,https://kprofiles.com/beauty-box-members-profile
BEBE6,2017-08-10,2017,August,10,https://kprofiles.com/bebe6-members-profile
Bebop,2014-01-14,2014,January,14,https://kprofiles.com/bebop-members-profile
Berry Chu,2017-03-27,2017,March,27,https://kprofiles.com/berry-chu-members-profile
Berry Good,2014-05-21,2014,May,21,https://kprofiles.com/berry-good-members-profile
BESTie,2013-07-11,2013,July,11,https://kprofiles.com/bestie-members-profile
Big Ocean,2024-04-20,2024,April,20,https://kprofiles.com/big-ocean-members-profile-facts
Bigflo,2014-06-23,2014,June,23,https://kprofiles.com/bigflo-members-profile
BIGSTAR,2012-07-12,2012,July,12,https://kprofiles.com/bigstar-members-profile
Billion,2014-03-20,2014,March,20,https://kprofiles.com/billion-members-profile
Billlie,2021-11-10,2021,November,10,https://kprofiles.com/mystic-story-girls-profile-facts
Black Bunny,2019-06-03,2019,June,3,https://kprofiles.com/black-bunny-members-profile
BLACK LEVEL,2022-02-26,2022,February,26,https://kprofiles.com/black-level-profile-and-facts
BLACK6IX,2017-04-07,2017,April,7,https://kprofiles.com/black6ix-members-profile
BLACKPINK,2016-08-08,2016,August,8,https://kprofiles.com/black-pink-members-profile
BLACKSWAN,2020-10-16,2020,October,16,https://kprofiles.com/black-swan-members-profile
Blah Blah,2017-11-22,2017,November,22,https://kprofiles.com/blah-blah-members-profile
BLANC7,2017-03-03,2017,March,3,https://kprofiles.com/blanc7-members-profiles
Blank2y,2022-05-24,2022,May,24,https://kprofiles.com/blank2y-profile-and-facts
Blastar,2020-07-31,2020,July,31,https://kprofiles.com/blastar-members-profile
BLE,2021-10-02,2021,October,2,https://kprofiles.com/ble-members-profile-and-facts
Bling,2016-05-04,2016,May,4,https://kprofiles.com/bling-members-profile
BlingBling,2020-11-17,2020,November,17,https://kprofiles.com/blingbling-members-profile
BLITY,2016-11-01,2016,November,1,https://kprofiles.com/blity-members-profile
BLITZERS,2021-05-12,2021,May,12,https://kprofiles.com/circle-members-profile
BLK,2017-11-28,2017,November,28,https://kprofiles.com/blk-members-profile
Bloomy,2016-02-01,2016,February,1,https://kprofiles.com/bloomy-members-profile
Blue Fox,2018-10-12,2018,October,12,https://kprofiles.com/blue-fox-members-profile
BNF,2018-04-20,2018,April,20,https://kprofiles.com/bnf-profile-
Bob Girls,2014-06-10,2014,June,10,https://kprofiles.com/bob-girls-members-profile/
BONUSBaby,2017-01-01,2017,January,1,https://kprofiles.com/bonusbaby-members-profile
BOTOPASS,2020-08-26,2020,August,26,https://kprofiles.com/botopass-members-profile-2
BOYNEXTDOOR,2023-05-30,2023,May,30,https://kprofiles.com/boynextdoor-members-profile
Boys Republic,2013-06-05,2013,June,5,https://kprofiles.com/boys-republic-members-profile
BPPOP,2013-01-16,2013,January,16,https://kprofiles.com/bppop-members-profile
BTL,2014-05-15,2014,May,15,https://kprofiles.com/btl-members-profile
BTOB,2012-03-21,2012,March,21,https://kprofiles.com/btobs-members-profile
BTS,2013-06-13,2013,June,13,https://kprofiles.com/bts-bangtan-boys-members-profile
bugAboo,2021-10-25,2021,October,25,https://kprofiles.com/bugaboo-members-profile
BUILD UP,2019-11-24,2019,November,24,https://kprofiles.com/build-member-profile-facts
Bulldok,2016-10-20,2016,October,20,https://kprofiles.com/bulldok-members-profile
Bunny.T,2023-06-19,2023,June,19,https://kprofiles.com/bunny-t-members-profile
Burvey,2020-05-01,2020,May,1,https://kprofiles.com/burvey-members-profile
BVNDIT,2019-04-10,2019,April,10,https://kprofiles.com/bvndit-members-profile
BXB,2023-01-30,2023,January,30,https://kprofiles.com/bxb-members-profile
Byulzzi,2020-08-23,2020,August,23,https://kprofiles.com/byulzzi-members-profile/
Bz-Boys,2019-06-17,2019,June,17,https://kprofiles.com/bz-boys-profile-facts
C-CLOWN,2012-07-19,2012,July,19,https://kprofiles.com/c-clown-members-profile
CAMILA,2018-08-28,2018,August,28,https://kprofiles.com/camila-members-profile
Candy Shop,2024-03-27,2024,March,27,https://kprofiles.com/candy-shop-members-profile
Catch The Young,2023-11-01,2023,November,1,https://kprofiles.com/catch-the-young-members-profile
Celest1a,2024-07-31,2024,July,31,https://kprofiles.com/k-pop-boys-project-produced-by-eunhyuk-members-profile
Chaness,2014-08-20,2014,August,20,https://kprofiles.com/chaness-lpg-subunit-members-profile
Charari Danchu,2017-04-05,2017,April,5,https://kprofiles.com/charari-danchu-members-profile
Checkmate,2020-09-21,2020,September,21,https://kprofiles.com/checkmate-members-profile/
Cherish,2023-01-13,2023,January,13,https://kprofiles.com/cherish-members-profile
Cherry Bullet,2019-01-21,2019,January,21,https://kprofiles.com/cherry-bullet-profile
Cherry On Top,2018-08-09,2018,August,9,https://kprofiles.com/cherry-top-members-profile
Chic & I’s,2020-07-20,2020,July,20,https://kprofiles.com/chic-idle-members-profile
Chic Angel,2017-02-16,2017,February,16,https://kprofiles.com/chic-angel-members-profile
Chloris,2017-11-22,2017,November,22,https://kprofiles.com/chloris-members-profile
CICI,2019-06-27,2019,June,27,https://kprofiles.com/cici-members-profile-facts
cignature,2020-02-03,2020,February,3,https://kprofiles.com/cignature-profile-facts
CIIPHER,2021-03-15,2021,March,15,https://kprofiles.com/ciipher-members-profile
CIX,2019-07-23,2019,July,23,https://kprofiles.com/c9-boyz-members-profile
CLASS:y,2022-05-05,2022,May,5,https://kprofiles.com/classy-my-teenage-girl-member-profile
CLC,2015-03-19,2015,March,19,https://kprofiles.com/clc-members-profile
Clear:i,2024-07-31,2024,July,31,https://kprofiles.com/cleari-members-profile
CLOSE YOUR EYES,2025-04-02,2025,April,2,https://kprofiles.com/close-your-eyes-members-profile
CMDM,2023-04-27,2023,April,27,https://kprofiles.com/cmdm-command-the-m-boys-members-profile
CoCo,2019-01-28,2019,January,28,https://kprofiles.com/coco-members-profile
CORTIS,2025-08-18,2025,August,18,https://kprofiles.com/cortis-members-profile
Coupsis,2021-12-10,2021,December,10,https://kprofiles.com/coupsis-profile/
CRAVITY,2020-04-14,2020,April,14,https://kprofiles.com/starship-boys-members-profile
CRAXY,2020-03-03,2020,March,3,https://kprofiles.com/craxy-members-profile
Crayon Pop,2012-07-24,2012,July,24,https://kprofiles.com/crayon-pop-profile
Crazangel,2025-07-10,2025,July,10,https://kprofiles.com/crazangel-members-profile
Cross Gene,2012-06-11,2012,June,11,https://kprofiles.com/cross-gene-members-profile
CSR,2022-07-27,2022,July,27,https://kprofiles.com/csr-members-profile
Cupid,2022-09-04,2022,September,4,https://kprofiles.com/cupid-members-profile
D-art,2022-01-07,2022,January,7,https://kprofiles.com/d-art-members-profile
D-CRUNCH,2018-08-06,2018,August,6,https://kprofiles.com/d-crunch-members-profile
D-UNIT,2012-08-01,2012,August,1,https://kprofiles.com/d-unit-members-profile
D.A.N.,2019-03-07,2019,March,7,https://kprofiles.com/dan/
D.HOLIC,2014-08-23,2014,August,23,https://kprofiles.com/d-holic-members-profile
D1CE,2019-08-01,2019,August,1,https://kprofiles.com/d1ce-profile-facts
DADADA,2025-08-13,2025,August,13,https://kprofiles.com/dadada-members-profile
Daisy,2022-07-08,2022,July,8,https://kprofiles.com/daisy-members-profile
Dawg’loo,2015-01-19,2015,January,19,https://kprofiles.com/dawgloo-members-profile
DayChild,2024-05-06,2024,May,6,https://kprofiles.com/daychild-members-profile-facts
Daydream,2020-02-23,2020,February,23,https://kprofiles.com/daydream-members-profile
Delight,2013-04-15,2013,April,15,https://kprofiles.com/delight-members-profile
DESTINY,2018-09-28,2018,September,28,https://kprofiles.com/destiny-members-profile-facts
DIA,2015-09-14,2015,September,14,https://kprofiles.com/dia-members-profile
Dia Girls,2015-11-12,2015,November,12,https://kprofiles.com/dia-girls-members-profile
DIAWINGS,2018-12-18,2018,December,18,https://kprofiles.com/diawings-members-profile
DICE,2016-11-09,2016,November,9,https://kprofiles.com/dice-members-profile
DIGNITY,2024-07-24,2024,July,24,https://kprofiles.com/dignity-members-profile-facts
DIH,2018-08-15,2018,August,15,https://kprofiles.com/dih-members-profile
DIP.MX,2016-11-09,2016,November,9,https://kprofiles.com/dip-mx-members-profile
DIVA-X,2025-06-20,2025,June,20,https://kprofiles.com/diva-x-members-profile
DKB,2020-02-03,2020,February,3,https://kprofiles.com/dkb-profile-facts
DKZ,2019-04-24,2019,April,24,https://kprofiles.com/dkz-members-profiles-facts
Dongnae Oppa,2015-02-26,2015,February,26,https://kprofiles.com/dongnae-oppa-members-profile
Dorothy,2016-08-16,2016,August,16,https://kprofiles.com/dorothy-members-profile
Dragon Pony,2024-09-26,2024,September,26,https://kprofiles.com/dragon-pony-members-profile
Dreamcatcher,2017-01-13,2017,January,13,https://kprofiles.com/dreamcatcher-members-profile
Dreamnote,2018-11-07,2018,November,7,https://kprofiles.com/dreamnote-members-profile
DRIPPIN,2020-10-28,2020,October,28,https://kprofiles.com/drippin-members-profile
DUSTIN,2020-01-05,2020,January,5,https://kprofiles.com/dustin-members-profile
DXMON,2024-01-17,2024,January,17,https://kprofiles.com/dxmon-members-profile
E’LAST,2020-06-09,2020,June,9,https://kprofiles.com/eboyz-members-profile
E11iVYN,2025-10-30,2025,October,30,https://kprofiles.com/iwu-members-profile
E7,2012-08-17,2012,August,17,https://kprofiles.com/e7-members-profile
EASTSHINE,2023-11-16,2023,November,16,https://kprofiles.com/east-shine-members-profile
EL7Z UP,2023-09-14,2023,September,14,https://kprofiles.com/el7z-up-members-profile
ELVIN CREW,2017-05-29,2017,May,29,https://kprofiles.com/elvin-crew-members-profile
ENHYPEN,2020-11-30,2020,November,30,https://kprofiles.com/enhypen-profile-facts
ENOi,2019-04-19,2019,April,19,https://kprofiles.com/enoi-members-profiles
EPEX,2021-06-08,2021,June,8,https://kprofiles.com/epex-members-profile
Episode,2020-02-04,2020,February,4,https://kprofiles.com/episode-members-profile
EVERGLOW,2019-03-18,2019,March,18,https://kprofiles.com/everglow-members-profile
EVNNE,2023-09-19,2023,September,19,https://kprofiles.com/evnne-members-profile
EvoL,2012-08-10,2012,August,10,https://kprofiles.com/evol-profile
EXID,2012-02-16,2012,February,16,https://kprofiles.com/exid-members-profile
EXO,2012-04-08,2012,April,8,https://kprofiles.com/exo-members-profile
FAINIT,2022-06-13,2022,June,13,https://kprofiles.com/fainit-members-profile
Fallanc,2018-11-04,2018,November,4,https://kprofiles.com/fallanc-members-profile
Fanatics,2019-08-06,2019,August,6,https://kprofiles.com/fanatics-members-profile
FANTASY BOYS,2023-09-21,2023,September,21,https://kprofiles.com/fantasy-boys-members-profile
Favorite,2017-07-06,2017,July,6,https://kprofiles.com/favorite-members-profile
Ferry Blue,2021-09-06,2021,September,6,https://kprofiles.com/ferry-blue-members-profile
FIESTAR,2012-08-31,2012,August,31,https://kprofiles.com/fiestar-members-profile
FIFTY FIFTY,2022-11-18,2022,November,18,https://kprofiles.com/fifty-fifty-members-profile
First Bite,2018-08-06,2018,August,6,https://kprofiles.com/first-bite-members-profile/
fishingirls,2013-06-28,2013,June,28,https://kprofiles.com/fishingirls-members-profile
FlaShe,2012-07-04,2012,July,4,https://kprofiles.com/flashe-members-profile
flor_us,2018-12-18,2018,December,18,https://kprofiles.com/flor_us-%ed%94%8c%eb%a1%9c%ec%96%b4%ec%8a%a4-members-profile
FLORIA,2020-08-11,2020,August,11,https://kprofiles.com/dk-girls-members-profile
Fly With Me,2018-06-27,2018,June,27,https://kprofiles.com/flywithme-members-profile/
fromis_9,2018-01-24,2018,January,24,https://kprofiles.com/fromis_9-members-profile
G-reyish,2017-06-01,2017,June,1,https://kprofiles.com/g-reyish-members-profile
GBB,2018-05-01,2018,May,1,https://kprofiles.com/gbb-members-profile
GEEGU,2017-10-25,2017,October,25,https://kprofiles.com/gate9-members-profile
Geenius,2024-01-05,2024,January,5,https://kprofiles.com/geenius-members-profile
GFriend,2015-01-16,2015,January,16,https://kprofiles.com/gfriend-profile
GHOST9,2020-09-23,2020,September,23,https://kprofiles.com/maroo-boys-members-profile
GIRLKIND,2018-01-17,2018,January,17,https://kprofiles.com/girlkind-members-profile
Girls Next Door,2017-07-14,2017,July,14,https://kprofiles.com/girls-next-door-profile
Girls’ Alert,2017-05-25,2017,May,25,https://kprofiles.com/girls-alert-members-profile
Girls’ World,2022-06-20,2022,June,20,https://kprofiles.com/girls-world-members-profile
Girls2ooo,2020-03-05,2020,March,5,https://kprofiles.com/girls2000-profile/
GIRLSGIRLS,2015-12-09,2015,December,9,https://kprofiles.com/girlsgirls-members-profile
GLAM,2012-07-19,2012,July,19,https://kprofiles.com/glam-profile-facts
Global Icon,2013-03-03,2013,March,3,https://kprofiles.com/global-icon-members-profile
Goddess,2012-09-28,2012,September,28,https://kprofiles.com/goddess-members-profile
Golden Child,2017-08-28,2017,August,28,https://kprofiles.com/golden-child-members-profile
Good Day,2017-08-30,2017,August,30,https://kprofiles.com/good-day-members-profile
GOT7,2014-01-16,2014,January,16,https://kprofiles.com/got7-members-profile
GROW.B,2019-05-02,2019,May,2,https://kprofiles.com/grow-b-better-swagg-members-profile
Gugudan,2016-06-28,2016,June,28,https://kprofiles.com/gugudan-members-profile
GWSN,2018-09-05,2018,September,5,https://kprofiles.com/gwsn-profile
H.U.B,2017-02-09,2017,February,9,https://kprofiles.com/h-u-b-profile
H1-KEY,2022-01-05,2022,January,5,https://kprofiles.com/h1-key-members-profile
H2L,2017-01-16,2017,January,16,https://kprofiles.com/h2l-members-profile
HADY,2015-09-30,2015,September,30,https://kprofiles.com/hady-members-profile
Half Moon,2020-01-11,2020,January,11,https://kprofiles.com/half-moon-members-profile
Halo,2014-06-27,2014,June,27,https://kprofiles.com/halo-members-profile
HANA,2023-01-08,2023,January,8,https://kprofiles.com/hana-members-profile
Hashtag,2017-10-11,2017,October,11,https://kprofiles.com/hashtag-members-profile
HAWW,2023-02-23,2023,February,23,https://kprofiles.com/haww-members-profile
Hearts2Hearts,2025-02-24,2025,February,24,https://kprofiles.com/hearts2hearts-members-profile
Hello Venus,2012-05-09,2012,May,9,https://kprofiles.com/hello-venus-members-profile
HeyGirls,2017-11-19,2017,November,19,https://kprofiles.com/hey-girls-members-profile
HeyMiss,2016-12-06,2016,December,6,https://kprofiles.com/heymiss-members-profile
Hi-L,2021-08-10,2021,August,10,https://kprofiles.com/hi-l-members-profile
Hidden Glow,2025-01-10,2025,January,10,https://kprofiles.com/hidden-glow-members-profile-and-facts
Hiding Day,2023-03-01,2023,March,1,https://kprofiles.com/hiding-day-members-profile
HIGH SCHOOL,2019-04-20,2019,April,20,https://kprofiles.com/high-school-profile-facts
High4,2014-04-08,2014,April,8,https://kprofiles.com/high4-profile
Highteen,2016-10-11,2016,October,11,https://kprofiles.com/highteen-members-profile
HINAPIA,2019-11-03,2019,November,3,https://kprofiles.com/hinapia-members-profile-facts
HINT,2013-07-10,2013,July,10,https://kprofiles.com/hint-members-profile
HISTORY,2013-04-26,2013,April,26,https://kprofiles.com/history-members-profile
HITGS,2025-04-28,2025,April,28,https://kprofiles.com/project-h-2025-members-profile
Holics,2016-03-15,2016,March,15,https://kprofiles.com/holics-members-profile
HONEY POPCORN,2018-03-21,2018,March,21,https://kprofiles.com/honey-popcorn-members-profile
Hot Blood Youth,2017-08-16,2017,August,16,https://kprofiles.com/hot-blood-youth-members-profile
HOT ISSUE,2021-04-28,2021,April,28,https://kprofiles.com/hot-issue-members-profile
HOTSHOT,2014-10-31,2014,October,31,https://kprofiles.com/hotshot-members-profile
Hotties,2015-10-05,2015,October,5,https://kprofiles.com/hotties-members-profile
HWAITING,2019-12-30,2019,December,30,https://kprofiles.com/hwaiting-members-profile
i-dle,2018-05-02,2018,May,2,https://kprofiles.com/idle-profile-facts
I:mond,2024-06-04,2024,June,4,https://kprofiles.com/imond-members-profile
I.B.I,2016-08-18,2016,August,18,https://kprofiles.com/i-b-i-members-profile
I.C.E,2015-11-16,2015,November,16,https://kprofiles.com/ice-members-profile
I.O.I,2016-05-04,2016,May,4,https://kprofiles.com/ioi-members-profile
I1IT,2022-08-25,2022,August,25,https://kprofiles.com/i1it-members-profile
ICHILLIN’,2021-09-08,2021,September,8,https://kprofiles.com/ichillin-members-profile
Icia,2015-10-19,2015,October,19,https://kprofiles.com/icia-members-profile
ICU,2019-10-22,2019,October,22,https://kprofiles.com/icu-members-profile
If Enough,2019-07-01,2019,July,1,https://kprofiles.com/if-enough-members-profile
ifeye,2025-04-08,2025,April,8,https://kprofiles.com/hi-hat-girls-members-profile
iii,2025-08-29,2025,August,29,https://kprofiles.com/iii-members-profile
iKON,2015-09-15,2015,September,15,https://kprofiles.com/ikon-members-profile
ILLIT,2024-03-25,2024,March,25,https://kprofiles.com/ill-it-members-profile
ILUV,2019-04-30,2019,April,30,https://kprofiles.com/i-luv-members-profile
ILY:1,2022-04-04,2022,April,4,https://kprofiles.com/ily1-members-profile
IMFACT,2016-01-27,2016,January,27,https://kprofiles.com/imfact-members-profile
IN A MINUTE,2025-03-15,2025,March,15,https://kprofiles.com/in-a-minute-members-profile
INX,2016-08-02,2016,August,2,https://kprofiles.com/inx-members-profile
IRRIS,2022-07-06,2022,July,6,https://kprofiles.com/irris-members-profile
ITZY,2019-02-11,2019,February,11,https://kprofiles.com/itzy-members-profile/
IVE,2021-12-01,2021,December,1,https://kprofiles.com/ive-members-profile/
IZ,2017-08-31,2017,August,31,https://kprofiles.com/iz-members-profile
IZ*ONE,2018-10-29,2018,October,29,https://kprofiles.com/izone-members-profile
izna,2024-11-25,2024,November,25,https://kprofiles.com/izna-members-profile
JBJ,2017-10-18,2017,October,18,https://kprofiles.com/jbj-members-profile
JJCC,2014-03-20,2014,March,20,https://kprofiles.com/jjcc-members-profile
JUST B,2021-06-30,2021,June,30,https://kprofiles.com/just-b-members-profile/
JWiiver,2022-02-17,2022,February,17,https://kprofiles.com/jwiiver-profile-facts
K-Girls,2013-11-18,2013,November,18,https://kprofiles.com/k-girls-members-profile
K-Tigers Zero,2019-09-19,2019,September,19,https://kprofiles.com/k-tigers-zero-profile-facts/
KAIROS,2021-09-01,2021,September,1,https://kprofiles.com/kairos-members-profile
Kandis,2025-01-14,2025,January,14,https://kprofiles.com/kandis-members-profile
KARD,2017-07-19,2017,July,19,https://kprofiles.com/kard-members-profile/
KAVE,2024-07-24,2024,July,24,https://kprofiles.com/kave-members-profile/
KELT9b,2024-11-23,2024,November,23,https://kprofiles.com/kelt9b-members-profile
Kep1er,2022-01-03,2022,January,3,https://kprofiles.com/kepler-members-profile-facts
KickFlip,2025-01-20,2025,January,20,https://kprofiles.com/kickflip-members-profile
KiiiKiii,2025-03-24,2025,March,24,https://kprofiles.com/kiiikiii-members-profile
KIIRAS,2025-05-29,2025,May,29,https://kprofiles.com/kiiras-members-profile
KIK,2025-06-30,2025,June,30,https://kprofiles.com/kik-members-profile
KISS OF LIFE,2023-07-05,2023,July,5,https://kprofiles.com/kiss-of-life-members-profile
Kiss&Cry,2014-01-25,2014,January,25,https://kprofiles.com/kisscry-members-profile
Kitten Girls,2018-09-04,2018,September,4,https://kprofiles.com/kitten-girls-members-profile
KNK,2016-02-29,2016,February,29,https://kprofiles.com/knk-members-profile
KYSB,2024-12-25,2024,December,25,https://kprofiles.com/kysb-members-profile
L5ST,2024-09-03,2024,September,3,https://kprofiles.com/l5st-members-profile
Laboum,2014-08-28,2014,August,28,https://kprofiles.com/laboum-members-profile
Ladies’ Code,2013-03-07,2013,March,7,https://kprofiles.com/ladies-code-members-profile
LADYBOUNCE,2025-05-21,2025,May,21,https://kprofiles.com/ladybounce-members-profile/
LALA GIRLS,2022-01-01,2022,January,1,https://kprofiles.com/lala-girls-members-profile
Lalary,2019-08-29,2019,August,29,https://kprofiles.com/lalary-members-profile/
LAONZENA,2021-05-31,2021,May,31,https://kprofiles.com/laonzena-members-profile
LAPILLUS,2022-06-20,2022,June,20,https://kprofiles.com/lapillus-members-profile
LAYSHA,2015-05-12,2015,May,12,https://kprofiles.com/laysha-members-profiles
LC9,2013-05-09,2013,May,9,https://kprofiles.com/lc9-members-profile
LE SSERAFIM,2022-05-02,2022,May,2,https://kprofiles.com/le-sserafim-members-profile-and-facts
LIGHTSUM,2021-06-10,2021,June,10,https://kprofiles.com/lightsum-members-profile
Like Me,2020-05-24,2020,May,24,https://kprofiles.com/like-members-profile
LIMELIGHT,2023-02-14,2023,February,14,https://kprofiles.com/limelight-members-profile
LIMESODA,2017-07-12,2017,July,12,https://kprofiles.com/limesoda-members-profile
LIMITLESS,2019-07-09,2019,July,9,https://kprofiles.com/limitless-member-profile/
LIPBUBBLE,2017-03-22,2017,March,22,https://kprofiles.com/lipbubble-members-profile
Live High,2013-07-30,2013,July,30,https://kprofiles.com/live-high-members-profiles
LOONA,2018-08-20,2018,August,20,https://kprofiles.com/loona-members-profile
Loossemble,2023-09-15,2023,September,15,https://kprofiles.com/loossemble-members-profile
Lovelyz,2014-11-12,2014,November,12,https://kprofiles.com/lovelyz-members-profile
LOVEONE,2024-11-22,2024,November,22,https://kprofiles.com/love-one-members-profile
LoveUs,2015-07-06,2015,July,6,https://kprofiles.com/loveus-members-profile
LST,2018-10-13,2018,October,13,https://kprofiles.com/lst-members-profile
LU4US,2014-07-04,2014,July,4,https://kprofiles.com/lukus-members-profile-facts
LUCENTE,2018-09-18,2018,September,18,https://kprofiles.com/lucente-%EB%A3%A8%EC%B2%B8%ED%8A%B8-members-profile
Lucky Girls,2016-07-25,2016,July,25,https://kprofiles.com/lucky-girls-members-profile
Lucky J,2014-07-17,2014,July,17,https://kprofiles.com/lucky-j-members-profile/
LUCY,2020-05-08,2020,May,8,https://kprofiles.com/band-lucy-profile-facts
LUMINOUS,2021-09-09,2021,September,9,https://kprofiles.com/luminous-members-profile
LUN8,2023-06-15,2023,June,15,https://kprofiles.com/lun8-members-profile
LUNARSOLAR,2020-09-02,2020,September,2,https://kprofiles.com/rookie-planet-members-profile
LUSTY,2019-06-26,2019,June,26,https://kprofiles.com/lusty-members-profile
M.Fect,2015-04-27,2015,April,27,https://kprofiles.com/mfect-members-profile
M.O.N.T,2019-01-04,2019,January,4,https://kprofiles.com/m-o-n-t-members-profile
M.Pire,2013-08-01,2013,August,1,https://kprofiles.com/m-pire-members-profile
M.prism,2025-03-28,2025,March,28,https://kprofiles.com/m-prism-members-profile
MADEIN,2024-09-03,2024,September,3,https://kprofiles.com/madein-members-profile/
MADTOWN,2014-10-06,2014,October,6,https://kprofiles.com/madtown-members-profile
MAJORS,2021-03-09,2021,March,9,https://kprofiles.com/majors-profile
Maka Maka,2020-08-04,2020,August,4,https://kprofiles.com/maka-maka-members-profile
Mamadol,2022-01-27,2022,January,27,https://kprofiles.com/mamadol-members-profile
Mamamoo,2014-06-19,2014,June,19,https://kprofiles.com/mamamoo-members-profile
MAP6,2015-11-10,2015,November,10,https://kprofiles.com/map6-profile
MASC,2016-08-18,2016,August,18,https://kprofiles.com/masc-members-profile
MATILDA,2016-03-17,2016,March,17,https://kprofiles.com/matilda-members-profile
MAXXAM,2018-11-07,2018,November,7,https://kprofiles.com/maxxam-members-profile
Maywish,2018-10-17,2018,October,17,https://kprofiles.com/maywish-members-profile
MCND,2020-02-27,2020,February,27,https://kprofiles.com/mcnd-member-profile-facts
MEGAMAX,2021-09-08,2021,September,8,https://kprofiles.com/megamax-members-profile
Melody Pink,2019-09-25,2019,September,25,https://kprofiles.com/melody-pink-profile-facts
MelodyDay,2014-02-25,2014,February,25,https://kprofiles.com/melodyday-members-profile
MEOVV,2024-09-06,2024,September,6,https://kprofiles.com/meovv-members-profile
MEPC,2025-12-08,2025,December,8,https://kprofiles.com/mep-c-members-profile
Mercury,2016-03-07,2016,March,7,https://kprofiles.com/mercury-members-profile-and-facts
mimiirose,2022-09-16,2022,September,16,https://kprofiles.com/yes-im-entertainment-girl-group-members-profile
MINIMANI,2021-06-02,2021,June,2,https://kprofiles.com/minimani-members-profile
MIRAE,2021-03-17,2021,March,17,https://kprofiles.com/dsp-n-members-profile
MISS T,2021-07-03,2021,July,3,https://kprofiles.com/miss-t-members-profile
MIXX,2016-05-03,2016,May,3,https://kprofiles.com/mixx-members-profile
MOMOLAND,2016-11-10,2016,November,10,https://kprofiles.com/momoland-members-profile
MONSTA X,2015-05-14,2015,May,14,https://kprofiles.com/monsta-x-members-profile
MUZIGAE,2021-12-09,2021,December,9,https://kprofiles.com/muzigae-members-profile
MVP,2017-03-13,2017,March,13,https://kprofiles.com/mvp-members-profile
My Darling,2018-04-26,2018,April,26,https://kprofiles.com/darling-profile-facts
MY.st,2020-03-26,2020,March,26,https://kprofiles.com/s-t-members-profile
MyB,2015-08-25,2015,August,25,https://kprofiles.com/myb-members-profile
MYTEEN,2017-07-26,2017,July,26,https://kprofiles.com/myteen-members-profile
N-DAY,2024-01-24,2024,January,24,https://kprofiles.com/n-day-members-profile
N.TIC,2018-02-26,2018,February,26,https://kprofiles.com/n-tic-new-trend-icon-members-profile
N.TOP,2025-08-06,2025,August,6,https://kprofiles.com/n-top-member-profile
N*White,2014-09-16,2014,September,16,https://kprofiles.com/nwhite-members-profile
Nature,2018-08-03,2018,August,3,https://kprofiles.com/nature-members-profile
NCT,2016-04-09,2016,April,9,https://kprofiles.com/nct-members-profile
NeonPunch,2018-06-27,2018,June,27,https://kprofiles.com/neon-punch-profile
NEP,2012-09-06,2012,September,6,https://kprofiles.com/nep-members-profile/
New Town Boyz,2016-08-16,2016,August,16,https://kprofiles.com/new-town-boyz-profile-facts
New-A,2016-05-18,2016,May,18,https://kprofiles.com/new-members-profile
New-L,2024-09-27,2024,September,27,https://kprofiles.com/new-l-members-profile
NEWBEAT,2025-03-24,2025,March,24,https://kprofiles.com/newbeat-members-profile
NewJeans,2022-07-22,2022,July,22,https://kprofiles.com/newjeans-members-profile-facts
NewKidd,2019-04-25,2019,April,25,https://kprofiles.com/new-kidd-members-profile
NIK,2021-09-27,2021,September,27,https://kprofiles.com/nik-members-profile
Nine.i,2022-03-30,2022,March,30,https://kprofiles.com/nine-i-members-profile
NMIXX,2022-02-22,2022,February,22,https://kprofiles.com/nmixx-profile
nnn,2025-08-24,2025,August,24,https://kprofiles.com/nnn-members-profile
NOIR,2018-04-09,2018,April,9,https://kprofiles.com/noir-members-profile
NOMAD,2024-02-28,2024,February,28,https://kprofiles.com/nomad-members-profile
NouerA,2025-02-26,2025,February,26,https://kprofiles.com/nouera-members-profile
NOWZ,2024-04-02,2024,April,2,https://kprofiles.com/cube-boys-members-profile
NTB,2018-05-28,2018,May,28,https://kprofiles.com/ntb-naughty-boys-members-profile
NTX,2021-03-30,2021,March,30,https://kprofiles.com/nt9-members-profile
NU’EST,2012-03-15,2012,March,15,https://kprofiles.com/nuest-members-profile-updated
NWH:I,2025-10-24,2025,October,24,https://kprofiles.com/nwhi-members-profile/
O My Jewel,2017-11-17,2017,November,17,https://kprofiles.com/o-jewel-profile-facts
O.A.Be,2024-08-10,2024,August,10,https://kprofiles.com/o-a-be-members-profile
O21,2016-06-20,2016,June,20,https://kprofiles.com/o21-members-profile
ODD YOUTH,2024-11-01,2024,November,1,https://kprofiles.com/odd-youth-members-profile
OH MY GIRL,2015-04-21,2015,April,21,https://kprofiles.com/oh-my-girl-members-profile
Oh!Bliss,2016-10-17,2016,October,17,https://kprofiles.com/ohbliss-members-profile
OMEGA X,2021-06-30,2021,June,30,https://kprofiles.com/omega-x-members-profile
On Top,2021-12-10,2021,December,10,https://kprofiles.com/on-top-members-profile
ONE PACT,2023-11-30,2023,November,30,https://kprofiles.com/one-pact-members-profile-facts
ONEST,2023-01-27,2023,January,27,https://kprofiles.com/onest-members-profile
ONEUS,2019-01-09,2019,January,9,https://kprofiles.com/oneus-profile
ONEWE,2019-05-13,2019,May,13,https://kprofiles.com/onewe-members-profile
ONF,2017-08-03,2017,August,3,https://kprofiles.com/onf-members-profile
OnlyOneOf,2019-05-28,2019,May,28,https://kprofiles.com/onlyoneof-profile
OSDS,2025-04-24,2025,April,24,https://kprofiles.com/osds-members-profile
OUTLET,2021-06-27,2021,June,27,https://kprofiles.com/outlet-members-profile/
P.O.P,2017-07-26,2017,July,26,https://kprofiles.com/p-o-p-members-profile
P1Harmony,2020-10-28,2020,October,28,https://kprofiles.com/p1harmony-profile-facts
Pastel Girls,2021-08-27,2021,August,27,https://kprofiles.com/pastel-girls-members-profile
PEACE,2019-04-12,2019,April,12,https://kprofiles.com/peace-members-profile
Peach A!,2022-10-08,2022,October,8,https://kprofiles.com/peachday-members-profile
PENTAGON,2016-10-10,2016,October,10,https://kprofiles.com/pentagon-members-profile
Perfume de Ange,2021-07-08,2021,July,8,https://kprofiles.com/perfume-de-ange-members-profile/
Pink Fantasy,2018-10-24,2018,October,24,https://kprofiles.com/pink-fantasy-profile/
PIU,2016-04-15,2016,April,15,https://kprofiles.com/piu-members-profile
PIXY,2021-02-24,2021,February,24,https://kprofiles.com/pixy-members-profile
PLATINUM,2019-01-09,2019,January,9,https://kprofiles.com/platinum-members-profile
PLAYBACK,2015-06-25,2015,June,25,https://kprofiles.com/playback-members-profile/
POA,2022-09-21,2022,September,21,https://kprofiles.com/poa-members-profile
POW,2023-10-11,2023,October,11,https://kprofiles.com/pow-members-profile
PPL,2015-10-30,2015,October,30,https://kprofiles.com/ppl-members-profile
PRECIOUS,2020-09-23,2020,September,23,https://kprofiles.com/precious-members-profile
PRIMROSE,2023-01-13,2023,January,13,https://kprofiles.com/primrose-members-profile
Prism,2018-05-24,2018,May,24,https://kprofiles.com/prism-profile
PRISMA,2020-10-31,2020,October,31,https://kprofiles.com/unionwaves-girl-group-profile
PRISTIN,2017-03-21,2017,March,21,https://kprofiles.com/pristin-members-profile
PRITTI-G,2021-08-31,2021,August,31,https://kprofiles.com/pritti-members-profile
Pritz,2014-04-30,2014,April,30,https://kprofiles.com/pritz-members-profile
Pungdeng-E,2013-12-12,2013,December,12,https://kprofiles.com/pungdeng-e-members-profile
Pure,2013-04-04,2013,April,4,https://kprofiles.com/pure-members-profile
PURETTY,2012-09-05,2012,September,5,https://kprofiles.com/puretty-members-profile
Purfles,2014-10-26,2014,October,26,https://kprofiles.com/purfles-members-profile
PURPLAY,2013-02-21,2013,February,21,https://kprofiles.com/purplay-members-profile
Purple Beck,2019-06-24,2019,June,24,https://kprofiles.com/purple-beck-members-profile
PURPLE KISS,2021-03-15,2021,March,15,https://kprofiles.com/purple-kiss-members-profile
Q.O.S,2020-11-19,2020,November,19,https://kprofiles.com/q-o-s-members-profile
Q6IX,2020-09-23,2020,September,23,https://kprofiles.com/q6ix-members-profile-facts
QI.X,2023-03-22,2023,March,22,https://kprofiles.com/qi-x-members-profile-and-facts/
QODES,2021-02-01,2021,February,1,https://kprofiles.com/qodes-members-profile
Queen B’Z,2012-10-16,2012,October,16,https://kprofiles.com/queen-bz-members-profile
Queendom,2016-10-04,2016,October,4,https://kprofiles.com/queendom-members-profile
Queenz Eye,2022-10-24,2022,October,24,https://kprofiles.com/queenz-eye-members-profile
QUESTIONMARK,2024-12-31,2024,December,31,https://kprofiles.com/questionmark-members-profile
QWER,2023-10-18,2023,October,18,https://kprofiles.com/qwer-members-profile
RAINZ,2017-10-12,2017,October,12,https://kprofiles.com/rainz-members-profile
RAMISU,2017-06-22,2017,June,22,https://kprofiles.com/ramisu-members-profile
RE:GUYS,2017-08-25,2017,August,25,https://kprofiles.com/great-guys-members-profile
Re:Hearts,2025-06-07,2025,June,7,https://kprofiles.com/rehearts-members-profile/
RE:WIND,2025-03-28,2025,March,28,https://kprofiles.com/rewind-members-profile
Red Velvet,2014-08-01,2014,August,1,https://kprofiles.com/red-velvet-members-profile
REDSQUARE,2020-05-19,2020,May,19,https://kprofiles.com/redsquare-members-profile
Refiners,2019-02-01,2019,February,1,https://kprofiles.com/refiners-members-profile
RESCENE,2024-03-26,2024,March,26,https://kprofiles.com/rescene-members-profile
RHEA,2021-10-01,2021,October,1,https://kprofiles.com/rhea-members-profile
RIIZE,2023-09-04,2023,September,4,https://kprofiles.com/riize-members-profile-and-facts
Road Boyz,2015-11-17,2015,November,17,https://kprofiles.com/road-boyz-members-profile
RoaD-B,2020-11-02,2020,November,2,https://kprofiles.com/roadb-members-profile/
Rocket Punch,2019-08-07,2019,August,7,https://kprofiles.com/rocket-punch-members-profile
Rocking Doll,2021-12-19,2021,December,19,https://kprofiles.com/rocking-doll-members-profile
Romeo,2015-05-07,2015,May,7,https://kprofiles.com/romeo-members-profile
Rose Finger,2018-10-03,2018,October,3,https://kprofiles.com/rose-finger-members-profile
Rose Queen,2017-02-17,2017,February,17,https://kprofiles.com/rose-queen-members-profile/
Rumble-G,2021-07-14,2021,July,14,https://kprofiles.com/rumble-g-members-profile
S.E.T,2017-06-03,2017,June,3,https://kprofiles.com/s-e-t-members-profile
S.I.S,2017-08-25,2017,August,25,https://kprofiles.com/s-s-members-profile
S#aFla,2018-10-18,2018,October,18,https://kprofiles.com/safla-members-profile
S2,2017-08-24,2017,August,24,https://kprofiles.com/s2-members-profile
S2U,2017-05-25,2017,May,25,https://kprofiles.com/s2u-members-profile
Saturday,2018-07-18,2018,July,18,https://kprofiles.com/saturday-members-profile
SAY MY NAME,2024-10-16,2024,October,16,https://kprofiles.com/say-my-name-members-profile
Scarlet,2014-03-06,2014,March,6,https://kprofiles.com/scarlet-members-profile
Secret Number,2020-05-19,2020,May,19,https://kprofiles.com/sn-members-profile
SEMINA,2018-07-10,2018,July,10,https://kprofiles.com/semina-members-profile
Seven O’Clock,2017-03-16,2017,March,16,https://kprofiles.com/seven-oclock-profile
SEVENTEEN,2015-05-26,2015,May,26,https://kprofiles.com/seventeen-members-profile
SF9,2016-10-05,2016,October,5,https://kprofiles.com/sf9-members-profile
Sha Sha,2018-02-27,2018,February,27,https://kprofiles.com/sha-sha-members-profile
She’Z,2012-05-17,2012,May,17,https://kprofiles.com/shez-members-profile
SIGNAL,2019-08-28,2019,August,28,https://kprofiles.com/signal-profile-facts
Silhouette,2022-01-07,2022,January,7,https://kprofiles.com/silhouette-members-profile
SIOSIJAK,2018-03-12,2018,March,12,https://kprofiles.com/siosijak-members-profile
Six Bomb,2012-01-27,2012,January,27,https://kprofiles.com/six-bomb-members-profile
Skarf,2012-08-16,2012,August,16,https://kprofiles.com/skarf-members-profile
SKYE,2017-10-26,2017,October,26,https://kprofiles.com/in2it-members-profile
SKYGIRLS,2019-11-24,2019,November,24,https://kprofiles.com/skygirls-members-profile
SKYLE,2021-08-04,2021,August,4,https://kprofiles.com/skyle-profile
SNUPER,2015-11-16,2015,November,16,https://kprofiles.com/snuper-members-profile
Sol-T,2016-05-03,2016,May,3,https://kprofiles.com/sol-t-members-profile
SOLIA,2021-08-17,2021,August,17,https://kprofiles.com/solia-members-profile
SONAMOO,2014-12-24,2014,December,24,https://kprofiles.com/sonamoo-members-profile
SPECTRUM,2018-05-10,2018,May,10,https://kprofiles.com/spectrum-members-profile
SPEED,2013-01-15,2013,January,15,https://kprofiles.com/speed-members-profile
SPIA,2024-04-02,2024,April,2,https://kprofiles.com/spia-members-profile
SPICA,2012-02-09,2012,February,9,https://kprofiles.com/spica-members-profile
SRZN,2021-01-20,2021,January,20,https://kprofiles.com/srzn-members-profile
STAYC,2020-11-12,2020,November,12,https://kprofiles.com/stayc-members-profile
STRAW,2019-04-08,2019,April,8,https://kprofiles.com/girl-crush-members-profile
Stray Kids,2018-03-25,2018,March,25,https://kprofiles.com/stray-kids-members-profile
Sugar Tint,2018-09-28,2018,September,28,https://kprofiles.com/sugar-tint-members-profile
Sunny Days,2012-05-18,2012,May,18,https://kprofiles.com/sunny-days-members-profile
Sunny Days Real Vocal,2014-03-11,2014,March,11,https://kprofiles.com/sunny-days-real-vocal-members-profile
SUNNYKEY,2025-03-12,2025,March,12,https://kprofiles.com/sunnykey-members-profile
SUPERKIND,2022-06-20,2022,June,20,https://kprofiles.com/deep-studio-entertainment-boy-group-profile
T:EV,2024-12-05,2024,December,5,https://kprofiles.com/tev-members-profile
Tahiti,2012-07-23,2012,July,23,https://kprofiles.com/tahiti-members-profile
TAN,2022-03-10,2022,March,10,https://kprofiles.com/t-a-n-facts-profile
TARGET,2018-01-24,2018,January,24,https://kprofiles.com/target-members-profile
TDYA,2025-08-14,2025,August,14,https://kprofiles.com/todaya-members-profile
TEEN TEEN,2019-09-18,2019,September,18,https://kprofiles.com/teen-teen-members-profile
TEMPEST,2022-03-02,2022,March,2,https://kprofiles.com/tempest-profile-facts
TFN,2021-01-11,2021,January,11,https://kprofiles.com/tfn-members-profile
The Ark,2015-04-12,2015,April,12,https://kprofiles.com/the-ark-members-profile
THE BOYZ,2017-12-06,2017,December,6,https://kprofiles.com/boyz-members-profile
The King,2014-11-28,2014,November,28,https://kprofiles.com/king-members-profile
The KingDom,2021-02-18,2021,February,18,https://kprofiles.com/the-kingdom-members-profile
The LEGEND,2014-07-09,2014,July,9,https://kprofiles.com/the-legend-members-profile
The Man BLK,2018-10-10,2018,October,10,https://kprofiles.com/man-blk-members-profile
The Pink Lady,2019-02-20,2019,February,20,https://kprofiles.com/pink-lady-members-profile/
The Seeya,2012-11-15,2012,November,15,https://kprofiles.com/seeya-members-profile
The T-Bird,2019-03-14,2019,March,14,https://kprofiles.com/the-t-bird-members-profile
The Wind,2023-05-15,2023,May,15,https://kprofiles.com/the-wind-members-profile
THE7,2023-01-29,2023,January,29,https://kprofiles.com/the7-the-seven-members-profile
TheEastLight,2016-11-03,2016,November,3,https://kprofiles.com/theeastlight-members-profile/
Tier 4,2020-08-23,2020,August,23,https://kprofiles.com/tier-4-members-profile/
TINT,2013-10-30,2013,October,30,https://kprofiles.com/tint-members-profile
Tiny-G,2012-08-03,2012,August,3,https://kprofiles.com/tiny-g-members-profile
TIOT,2024-04-22,2024,April,22,https://kprofiles.com/tiot-members-profile
TNX,2022-05-17,2022,May,17,https://kprofiles.com/tnx-members-profile
TO1,2020-04-01,2020,April,1,https://kprofiles.com/to1-members-profile-facts
Tomatomat,2025-07-11,2025,July,11,https://kprofiles.com/tomatomat-members-profile
TOP GIRL,2021-06-08,2021,June,8,https://kprofiles.com/top-girl-members-profile
TRCNG,2017-10-10,2017,October,10,https://kprofiles.com/trcng-profile
TREASURE,2020-08-07,2020,August,7,https://kprofiles.com/treasure13-members-profile
TREI,2019-02-19,2019,February,19,https://kprofiles.com/trei-members-profile
TRENDZ,2022-01-05,2022,January,5,https://kprofiles.com/trendz-profile-and-facts
Tri:al,2014-03-13,2014,March,13,https://kprofiles.com/trial-members-profile
TRI.BE,2021-02-17,2021,February,17,https://kprofiles.com/tri-be-profile
tripleS,2024-05-08,2024,May,8,https://kprofiles.com/triples-members-profile-and-facts
TROPICAL,2018-08-30,2018,August,30,https://kprofiles.com/tropical-member-profile
TST,2017-01-01,2017,January,1,https://kprofiles.com/topsecret-members-profile
TWICE,2015-10-20,2015,October,20,https://kprofiles.com/twice-members-profile
Two X,2012-08-16,2012,August,16,https://kprofiles.com/two-x-members-profile
TWS,2024-01-22,2024,January,22,https://kprofiles.com/tws-members-profile
TXT,2019-03-04,2019,March,4,https://kprofiles.com/txt-member-profile-facts
UDTT,2025-04-29,2025,April,29,https://kprofiles.com/udtt-members-profile
UHSN,2019-07-11,2019,July,11,https://kprofiles.com/uhsn-members-profile
UiU,2022-07-11,2022,July,11,https://kprofiles.com/uiu-members-profile
UNB,2018-04-07,2018,April,7,https://kprofiles.com/unb-members-profile
UNI,2022-12-09,2022,December,9,https://kprofiles.com/uni-members-profile-2/
UNI.T,2018-05-18,2018,May,18,https://kprofiles.com/uni-t-members-profile
Unicorn,2015-09-03,2015,September,3,https://kprofiles.com/unicorn-members-profile
UNIQ,2014-10-16,2014,October,16,https://kprofiles.com/uniq-members-profile
UNIS,2024-03-27,2024,March,27,https://kprofiles.com/unis-universe-ticket-members-profile
UNISON,2024-07-28,2024,July,28,https://kprofiles.com/unison-members-profile
UNIZ,2015-11-20,2015,November,20,https://kprofiles.com/uniz-members-profile
UNVS,2020-02-23,2020,February,23,https://kprofiles.com/unvs-profile-facts
UP10TION,2015-09-10,2015,September,10,https://kprofiles.com/up10tion-members-profile
Ureka,2016-11-14,2016,November,14,https://kprofiles.com/ureka-members-profile
USPEER,2025-06-04,2025,June,4,https://kprofiles.com/uspeer-members-profile
VANNER,2019-02-13,2019,February,13,https://kprofiles.com/vanner-profile-facts
VARSITY,2017-01-03,2017,January,3,https://kprofiles.com/varsity-members-profile
VAV,2015-10-31,2015,October,31,https://kprofiles.com/vav-members-profile
VENUS,2019-08-06,2019,August,6,https://kprofiles.com/venus-members-profile
VERIVERY,2019-01-09,2019,January,9,https://kprofiles.com/verivery-members-profile
Vermuda,2017-06-13,2017,June,13,https://kprofiles.com/vermuda-members-profile
VICTON,2016-11-09,2016,November,9,https://kprofiles.com/victon-members-profile
VIOLET,2019-09-01,2019,September,1,https://kprofiles.com/violet-members-profile
Vitamin Angel,2015-06-06,2015,June,6,https://kprofiles.com/vitamin-angel-members-profile
VIVA,2017-10-12,2017,October,12,https://kprofiles.com/viva-profile-facts
VIVIDIVA,2015-09-15,2015,September,15,https://kprofiles.com/vividiva-profile-facts
VIVIZ,2022-02-09,2022,February,9,https://kprofiles.com/viviz-members-profile
VIXX,2012-05-24,2012,May,24,https://kprofiles.com/vixx-profile
VOISPER,2016-02-02,2016,February,2,https://kprofiles.com/voisper-member-profile-facts
VVUP,2024-04-01,2024,April,1,https://kprofiles.com/vvup-members-profile
W!TCHX,2024-11-06,2024,November,6,https://kprofiles.com/witchx-profile-and-facts
WA$$UP,2013-08-07,2013,August,7,https://kprofiles.com/waup-members-profile
WAKER,2024-01-08,2024,January,8,https://kprofiles.com/waker-members-profile
WALWARI,2017-01-12,2017,January,12,https://kprofiles.com/walwari-members-profile/
Wanna One,2017-08-07,2017,August,7,https://kprofiles.com/wanna-one-members-profile
Wanna.B,2015-07-20,2015,July,20,https://kprofiles.com/wanna-b-profile
WATERFIRE,2024-05-30,2024,May,30,https://kprofiles.com/waterfire-members-profile
We In The Zone,2019-05-27,2019,May,27,https://kprofiles.com/witz-members-profile
WE US,2023-04-03,2023,April,3,https://kprofiles.com/weus-members-profile
We;Na,2022-09-05,2022,September,5,https://kprofiles.com/wena-members-profile
WE:A,2023-03-29,2023,March,29,https://kprofiles.com/wea-members-profile-facts
We1ne,2021-04-22,2021,April,22,https://kprofiles.com/wao-members-profile
Weeekly,2020-06-30,2020,June,30,https://kprofiles.com/weeekly-members-profile-and-facts
WeGirls,2018-08-31,2018,August,31,https://kprofiles.com/wegirls-members-profile
WEi,2020-10-05,2020,October,5,https://kprofiles.com/wei-members-profile
Weki Meki,2017-08-08,2017,August,8,https://kprofiles.com/weki-meki-members-profile
WHIB,2023-11-08,2023,November,8,https://kprofiles.com/whib-members-profile
WINNER,2014-08-17,2014,August,17,https://kprofiles.com/winner-members-profile
Wiz N,2020-09-24,2020,September,24,https://kprofiles.com/wiz-n-members-profile
WJSN,2016-02-25,2016,February,25,https://kprofiles.com/cosmic-girls-wjsn-profile
WOOAH,2020-05-15,2020,May,15,https://kprofiles.com/woo-ah-members-profile
WOW,2021-03-08,2021,March,8,https://kprofiles.com/wow-members-profile
X:IN,2023-04-11,2023,April,11,https://kprofiles.com/xin-members-profile
X1,2019-08-27,2019,August,27,https://kprofiles.com/x1-member-profile
XD,2022-12-01,2022,December,1,https://kprofiles.com/xeed-members-profile
XD,2025-05-30,2025,May,30,https://kprofiles.com/xeed-members-profile
XENEX,2020-02-26,2020,February,26,https://kprofiles.com/xenex-members-profile
XENO-T,2013-10-22,2013,October,22,https://kprofiles.com/topp-dogg-profile
xikers,2023-03-30,2023,March,30,https://kprofiles.com/xikers-members-profile
XLOV,2025-01-07,2025,January,7,https://kprofiles.com/xlov-members-profile
XODIAC,2023-04-25,2023,April,25,https://kprofiles.com/xodiac-members-profile
XONIK,2025-06-16,2025,June,16,https://kprofiles.com/xonik-members-profile
XUM,2020-09-22,2020,September,22,https://kprofiles.com/xum-members-profile
Ye-A,2014-07-18,2014,July,18,https://kprofiles.com/ye-amembers-profile
Year 7 Class 1,2014-01-14,2014,January,14,https://kprofiles.com/year-7-class-1-members-profile
Yellow Bee,2017-11-23,2017,November,23,https://kprofiles.com/yellow-bee-profile
YJIG,2018-09-05,2018,September,5,https://kprofiles.com/yjig-members-profile
YOUNG POSSE,2023-10-18,2023,October,18,https://kprofiles.com/young-posse-members-profile
YOUNITE,2022-04-20,2022,April,20,https://kprofiles.com/younite-members-profile
ZEROBASEONE,2023-07-10,2023,July,10,https://kprofiles.com/zerobaseone-members-profile
ZPZG,2014-09-25,2014,September,25,https://kprofiles.com/zpzg-members-profile
ZZBae,2017-06-15,2017,June,15,https://kprofiles.com/zzbae-members-profile